epoch,loss,val_loss
0,2.229904498934746,2.3830248934625455
