epoch,loss,val_loss
0,2.229700443983078,2.435498567287531
