epoch,loss,val_loss
0,2.2310753173828126,2.5052124818615096
