epoch,loss,val_loss
0,2.2229251145124436,2.5105483826046386
