epoch,loss,val_loss
0,2.2102113295793533,2.5098211917949036
1,2.2416452798843385,2.3931952690225087
