epoch,loss,val_loss
0,2.204269897222519,2.429605241100218
